<annotation>
	<folder>VOC2007</folder>
	<filename>000160.jpg</filename>
	<source>
		<database>The VOC2007 Database</database>
		<annotation>PASCAL VOC2007</annotation>
		<image>flickr</image>
		<flickrid>287190459</flickrid>
	</source>
	<owner>
		<flickrid>evso</flickrid>
		<name>Elizabeth S.</name>
	</owner>
	<size>
		<width>500</width>
		<height>375</height>
		<depth>3</depth>
	</size>
	<segmented>0</segmented>
	<object>
		<name>sofa</name>
		<pose>Unspecified</pose>
		<truncated>1</truncated>
		<difficult>0</difficult>
		<bndbox>
			<xmin>2</xmin>
			<ymin>242</ymin>
			<xmax>336</xmax>
			<ymax>373</ymax>
		</bndbox>
	</object>
</annotation>
