<annotation>
	<folder>VOC2007</folder>
	<filename>000199.jpg</filename>
	<source>
		<database>The VOC2007 Database</database>
		<annotation>PASCAL VOC2007</annotation>
		<image>flickr</image>
		<flickrid>338589720</flickrid>
	</source>
	<owner>
		<flickrid>ferranp2001</flickrid>
		<name>Ferran Pesta?a</name>
	</owner>
	<size>
		<width>500</width>
		<height>329</height>
		<depth>3</depth>
	</size>
	<segmented>0</segmented>
	<object>
		<name>bird</name>
		<pose>Left</pose>
		<truncated>0</truncated>
		<difficult>0</difficult>
		<bndbox>
			<xmin>82</xmin>
			<ymin>68</ymin>
			<xmax>383</xmax>
			<ymax>270</ymax>
		</bndbox>
	</object>
</annotation>
