<annotation>
	<folder>VOC2007</folder>
	<filename>000295.jpg</filename>
	<source>
		<database>The VOC2007 Database</database>
		<annotation>PASCAL VOC2007</annotation>
		<image>flickr</image>
		<flickrid>339069790</flickrid>
	</source>
	<owner>
		<flickrid>Jonathan Peek</flickrid>
		<name>Jonathan Peek</name>
	</owner>
	<size>
		<width>500</width>
		<height>333</height>
		<depth>3</depth>
	</size>
	<segmented>0</segmented>
	<object>
		<name>boat</name>
		<pose>Unspecified</pose>
		<truncated>0</truncated>
		<difficult>0</difficult>
		<bndbox>
			<xmin>362</xmin>
			<ymin>195</ymin>
			<xmax>404</xmax>
			<ymax>246</ymax>
		</bndbox>
	</object>
	<object>
		<name>boat</name>
		<pose>Unspecified</pose>
		<truncated>0</truncated>
		<difficult>1</difficult>
		<bndbox>
			<xmin>418</xmin>
			<ymin>159</ymin>
			<xmax>439</xmax>
			<ymax>176</ymax>
		</bndbox>
	</object>
</annotation>
