<annotation>
	<folder>VOC2007</folder>
	<filename>000239.jpg</filename>
	<source>
		<database>The VOC2007 Database</database>
		<annotation>PASCAL VOC2007</annotation>
		<image>flickr</image>
		<flickrid>333822018</flickrid>
	</source>
	<owner>
		<flickrid>Ian Fuller</flickrid>
		<name>Ian Fuller</name>
	</owner>
	<size>
		<width>500</width>
		<height>334</height>
		<depth>3</depth>
	</size>
	<segmented>0</segmented>
	<object>
		<name>bus</name>
		<pose>Left</pose>
		<truncated>0</truncated>
		<difficult>0</difficult>
		<bndbox>
			<xmin>63</xmin>
			<ymin>26</ymin>
			<xmax>468</xmax>
			<ymax>219</ymax>
		</bndbox>
	</object>
	<object>
		<name>person</name>
		<pose>Rear</pose>
		<truncated>1</truncated>
		<difficult>0</difficult>
		<bndbox>
			<xmin>1</xmin>
			<ymin>138</ymin>
			<xmax>33</xmax>
			<ymax>206</ymax>
		</bndbox>
	</object>
	<object>
		<name>person</name>
		<pose>Unspecified</pose>
		<truncated>1</truncated>
		<difficult>0</difficult>
		<bndbox>
			<xmin>29</xmin>
			<ymin>166</ymin>
			<xmax>82</xmax>
			<ymax>238</ymax>
		</bndbox>
	</object>
</annotation>
