<annotation>
	<folder>VOC2007</folder>
	<filename>000204.jpg</filename>
	<source>
		<database>The VOC2007 Database</database>
		<annotation>PASCAL VOC2007</annotation>
		<image>flickr</image>
		<flickrid>306155080</flickrid>
	</source>
	<owner>
		<flickrid>Scott C (sec611)</flickrid>
		<name>Scott Conant</name>
	</owner>
	<size>
		<width>500</width>
		<height>375</height>
		<depth>3</depth>
	</size>
	<segmented>0</segmented>
	<object>
		<name>tvmonitor</name>
		<pose>Frontal</pose>
		<truncated>0</truncated>
		<difficult>0</difficult>
		<bndbox>
			<xmin>211</xmin>
			<ymin>66</ymin>
			<xmax>327</xmax>
			<ymax>174</ymax>
		</bndbox>
	</object>
</annotation>
