<annotation>
	<folder>VOC2007</folder>
	<filename>000260.jpg</filename>
	<source>
		<database>The VOC2007 Database</database>
		<annotation>PASCAL VOC2007</annotation>
		<image>flickr</image>
		<flickrid>314245580</flickrid>
	</source>
	<owner>
		<flickrid>born1945</flickrid>
		<name>Tom Brandt</name>
	</owner>
	<size>
		<width>500</width>
		<height>375</height>
		<depth>3</depth>
	</size>
	<segmented>0</segmented>
	<object>
		<name>aeroplane</name>
		<pose>Rear</pose>
		<truncated>0</truncated>
		<difficult>0</difficult>
		<bndbox>
			<xmin>55</xmin>
			<ymin>50</ymin>
			<xmax>456</xmax>
			<ymax>235</ymax>
		</bndbox>
	</object>
	<object>
		<name>aeroplane</name>
		<pose>Left</pose>
		<truncated>1</truncated>
		<difficult>0</difficult>
		<bndbox>
			<xmin>394</xmin>
			<ymin>163</ymin>
			<xmax>500</xmax>
			<ymax>212</ymax>
		</bndbox>
	</object>
</annotation>
