<annotation>
	<folder>VOC2007</folder>
	<filename>000399.jpg</filename>
	<source>
		<database>The VOC2007 Database</database>
		<annotation>PASCAL VOC2007</annotation>
		<image>flickr</image>
		<flickrid>337668244</flickrid>
	</source>
	<owner>
		<flickrid>risto_</flickrid>
		<name>Risto Kalmre</name>
	</owner>
	<size>
		<width>500</width>
		<height>333</height>
		<depth>3</depth>
	</size>
	<segmented>0</segmented>
	<object>
		<name>bicycle</name>
		<pose>Left</pose>
		<truncated>0</truncated>
		<difficult>0</difficult>
		<bndbox>
			<xmin>23</xmin>
			<ymin>15</ymin>
			<xmax>479</xmax>
			<ymax>296</ymax>
		</bndbox>
	</object>
</annotation>
