<annotation>
	<folder>VOC2007</folder>
	<filename>000330.jpg</filename>
	<source>
		<database>The VOC2007 Database</database>
		<annotation>PASCAL VOC2007</annotation>
		<image>flickr</image>
		<flickrid>227254767</flickrid>
	</source>
	<owner>
		<flickrid>genewolf</flickrid>
		<name>whiskey kitten</name>
	</owner>
	<size>
		<width>480</width>
		<height>349</height>
		<depth>3</depth>
	</size>
	<segmented>0</segmented>
	<object>
		<name>person</name>
		<pose>Right</pose>
		<truncated>0</truncated>
		<difficult>0</difficult>
		<bndbox>
			<xmin>188</xmin>
			<ymin>46</ymin>
			<xmax>304</xmax>
			<ymax>208</ymax>
		</bndbox>
	</object>
	<object>
		<name>horse</name>
		<pose>Right</pose>
		<truncated>0</truncated>
		<difficult>0</difficult>
		<bndbox>
			<xmin>82</xmin>
			<ymin>53</ymin>
			<xmax>388</xmax>
			<ymax>333</ymax>
		</bndbox>
	</object>
</annotation>
