<annotation>
	<folder>VOC2007</folder>
	<filename>000361.jpg</filename>
	<source>
		<database>The VOC2007 Database</database>
		<annotation>PASCAL VOC2007</annotation>
		<image>flickr</image>
		<flickrid>131481088</flickrid>
	</source>
	<owner>
		<flickrid>alanoo</flickrid>
		<name>Alan</name>
	</owner>
	<size>
		<width>500</width>
		<height>375</height>
		<depth>3</depth>
	</size>
	<segmented>0</segmented>
	<object>
		<name>car</name>
		<pose>Rear</pose>
		<truncated>0</truncated>
		<difficult>0</difficult>
		<bndbox>
			<xmin>217</xmin>
			<ymin>188</ymin>
			<xmax>286</xmax>
			<ymax>234</ymax>
		</bndbox>
	</object>
	<object>
		<name>car</name>
		<pose>Unspecified</pose>
		<truncated>1</truncated>
		<difficult>0</difficult>
		<bndbox>
			<xmin>467</xmin>
			<ymin>117</ymin>
			<xmax>500</xmax>
			<ymax>146</ymax>
		</bndbox>
	</object>
</annotation>
