<annotation>
	<folder>VOC2007</folder>
	<filename>000389.jpg</filename>
	<source>
		<database>The VOC2007 Database</database>
		<annotation>PASCAL VOC2007</annotation>
		<image>flickr</image>
		<flickrid>322256852</flickrid>
	</source>
	<owner>
		<flickrid>v's album</flickrid>
		<name>?</name>
	</owner>
	<size>
		<width>327</width>
		<height>435</height>
		<depth>3</depth>
	</size>
	<segmented>0</segmented>
	<object>
		<name>pottedplant</name>
		<pose>Unspecified</pose>
		<truncated>0</truncated>
		<difficult>1</difficult>
		<bndbox>
			<xmin>76</xmin>
			<ymin>207</ymin>
			<xmax>118</xmax>
			<ymax>269</ymax>
		</bndbox>
	</object>
	<object>
		<name>pottedplant</name>
		<pose>Unspecified</pose>
		<truncated>1</truncated>
		<difficult>0</difficult>
		<bndbox>
			<xmin>7</xmin>
			<ymin>256</ymin>
			<xmax>194</xmax>
			<ymax>434</ymax>
		</bndbox>
	</object>
</annotation>
