<annotation>
	<folder>VOC2007</folder>
	<filename>000362.jpg</filename>
	<source>
		<database>The VOC2007 Database</database>
		<annotation>PASCAL VOC2007</annotation>
		<image>flickr</image>
		<flickrid>338132491</flickrid>
	</source>
	<owner>
		<flickrid>Hadley</flickrid>
		<name>?</name>
	</owner>
	<size>
		<width>500</width>
		<height>333</height>
		<depth>3</depth>
	</size>
	<segmented>0</segmented>
	<object>
		<name>dog</name>
		<pose>Frontal</pose>
		<truncated>0</truncated>
		<difficult>0</difficult>
		<bndbox>
			<xmin>163</xmin>
			<ymin>26</ymin>
			<xmax>287</xmax>
			<ymax>267</ymax>
		</bndbox>
	</object>
</annotation>
