<annotation>
	<folder>VOC2007</folder>
	<filename>000316.jpg</filename>
	<source>
		<database>The VOC2007 Database</database>
		<annotation>PASCAL VOC2007</annotation>
		<image>flickr</image>
		<flickrid>325510265</flickrid>
	</source>
	<owner>
		<flickrid>Cogita tute</flickrid>
		<name>Jeff</name>
	</owner>
	<size>
		<width>500</width>
		<height>375</height>
		<depth>3</depth>
	</size>
	<segmented>0</segmented>
	<object>
		<name>aeroplane</name>
		<pose>Unspecified</pose>
		<truncated>0</truncated>
		<difficult>0</difficult>
		<bndbox>
			<xmin>337</xmin>
			<ymin>179</ymin>
			<xmax>404</xmax>
			<ymax>211</ymax>
		</bndbox>
	</object>
</annotation>
