<annotation>
	<folder>VOC2007</folder>
	<filename>000437.jpg</filename>
	<source>
		<database>The VOC2007 Database</database>
		<annotation>PASCAL VOC2007</annotation>
		<image>flickr</image>
		<flickrid>339195771</flickrid>
	</source>
	<owner>
		<flickrid>flamingtortoise</flickrid>
		<name>Andrew Vardeman</name>
	</owner>
	<size>
		<width>500</width>
		<height>375</height>
		<depth>3</depth>
	</size>
	<segmented>0</segmented>
	<object>
		<name>person</name>
		<pose>Unspecified</pose>
		<truncated>0</truncated>
		<difficult>0</difficult>
		<bndbox>
			<xmin>324</xmin>
			<ymin>96</ymin>
			<xmax>380</xmax>
			<ymax>231</ymax>
		</bndbox>
	</object>
	<object>
		<name>person</name>
		<pose>Unspecified</pose>
		<truncated>0</truncated>
		<difficult>0</difficult>
		<bndbox>
			<xmin>97</xmin>
			<ymin>142</ymin>
			<xmax>139</xmax>
			<ymax>219</ymax>
		</bndbox>
	</object>
</annotation>
