<annotation>
	<folder>VOC2007</folder>
	<filename>000493.jpg</filename>
	<source>
		<database>The VOC2007 Database</database>
		<annotation>PASCAL VOC2007</annotation>
		<image>flickr</image>
		<flickrid>338077546</flickrid>
	</source>
	<owner>
		<flickrid>drpaulproteus</flickrid>
		<name>devin Vermeulen</name>
	</owner>
	<size>
		<width>500</width>
		<height>341</height>
		<depth>3</depth>
	</size>
	<segmented>0</segmented>
	<object>
		<name>person</name>
		<pose>Frontal</pose>
		<truncated>1</truncated>
		<difficult>0</difficult>
		<bndbox>
			<xmin>28</xmin>
			<ymin>61</ymin>
			<xmax>158</xmax>
			<ymax>341</ymax>
		</bndbox>
	</object>
	<object>
		<name>person</name>
		<pose>Unspecified</pose>
		<truncated>1</truncated>
		<difficult>0</difficult>
		<bndbox>
			<xmin>138</xmin>
			<ymin>83</ymin>
			<xmax>221</xmax>
			<ymax>341</ymax>
		</bndbox>
	</object>
	<object>
		<name>person</name>
		<pose>Unspecified</pose>
		<truncated>1</truncated>
		<difficult>0</difficult>
		<bndbox>
			<xmin>210</xmin>
			<ymin>71</ymin>
			<xmax>306</xmax>
			<ymax>341</ymax>
		</bndbox>
	</object>
	<object>
		<name>person</name>
		<pose>Unspecified</pose>
		<truncated>1</truncated>
		<difficult>0</difficult>
		<bndbox>
			<xmin>295</xmin>
			<ymin>36</ymin>
			<xmax>400</xmax>
			<ymax>341</ymax>
		</bndbox>
	</object>
	<object>
		<name>person</name>
		<pose>Unspecified</pose>
		<truncated>1</truncated>
		<difficult>0</difficult>
		<bndbox>
			<xmin>347</xmin>
			<ymin>25</ymin>
			<xmax>472</xmax>
			<ymax>341</ymax>
		</bndbox>
	</object>
</annotation>
