<annotation>
	<folder>VOC2007</folder>
	<filename>000412.jpg</filename>
	<source>
		<database>The VOC2007 Database</database>
		<annotation>PASCAL VOC2007</annotation>
		<image>flickr</image>
		<flickrid>320739415</flickrid>
	</source>
	<owner>
		<flickrid>smthomasy</flickrid>
		<name>Sara Thomasy</name>
	</owner>
	<size>
		<width>500</width>
		<height>333</height>
		<depth>3</depth>
	</size>
	<segmented>0</segmented>
	<object>
		<name>horse</name>
		<pose>Left</pose>
		<truncated>0</truncated>
		<difficult>0</difficult>
		<bndbox>
			<xmin>66</xmin>
			<ymin>127</ymin>
			<xmax>366</xmax>
			<ymax>333</ymax>
		</bndbox>
	</object>
	<object>
		<name>horse</name>
		<pose>Left</pose>
		<truncated>1</truncated>
		<difficult>0</difficult>
		<bndbox>
			<xmin>57</xmin>
			<ymin>100</ymin>
			<xmax>395</xmax>
			<ymax>316</ymax>
		</bndbox>
	</object>
</annotation>
