<annotation>
	<folder>VOC2007</folder>
	<filename>000456.jpg</filename>
	<source>
		<database>The VOC2007 Database</database>
		<annotation>PASCAL VOC2007</annotation>
		<image>flickr</image>
		<flickrid>310257479</flickrid>
	</source>
	<owner>
		<flickrid>didbygraham</flickrid>
		<name>Graham Richardson</name>
	</owner>
	<size>
		<width>500</width>
		<height>375</height>
		<depth>3</depth>
	</size>
	<segmented>0</segmented>
	<object>
		<name>bus</name>
		<pose>Unspecified</pose>
		<truncated>0</truncated>
		<difficult>0</difficult>
		<bndbox>
			<xmin>92</xmin>
			<ymin>43</ymin>
			<xmax>425</xmax>
			<ymax>303</ymax>
		</bndbox>
	</object>
	<object>
		<name>person</name>
		<pose>Frontal</pose>
		<truncated>1</truncated>
		<difficult>0</difficult>
		<bndbox>
			<xmin>121</xmin>
			<ymin>117</ymin>
			<xmax>174</xmax>
			<ymax>160</ymax>
		</bndbox>
	</object>
</annotation>
