<annotation>
	<folder>VOC2007</folder>
	<filename>000488.jpg</filename>
	<source>
		<database>The VOC2007 Database</database>
		<annotation>PASCAL VOC2007</annotation>
		<image>flickr</image>
		<flickrid>290268280</flickrid>
	</source>
	<owner>
		<flickrid>TechAutoCareers</flickrid>
		<name>I.C. Collins</name>
	</owner>
	<size>
		<width>500</width>
		<height>375</height>
		<depth>3</depth>
	</size>
	<segmented>0</segmented>
	<object>
		<name>car</name>
		<pose>Unspecified</pose>
		<truncated>0</truncated>
		<difficult>0</difficult>
		<bndbox>
			<xmin>34</xmin>
			<ymin>102</ymin>
			<xmax>480</xmax>
			<ymax>315</ymax>
		</bndbox>
	</object>
</annotation>
