<annotation>
	<folder>VOC2007</folder>
	<filename>000455.jpg</filename>
	<source>
		<database>The VOC2007 Database</database>
		<annotation>PASCAL VOC2007</annotation>
		<image>flickr</image>
		<flickrid>323858157</flickrid>
	</source>
	<owner>
		<flickrid>Lothar Lenz</flickrid>
		<name>Lothar Lenz</name>
	</owner>
	<size>
		<width>500</width>
		<height>332</height>
		<depth>3</depth>
	</size>
	<segmented>0</segmented>
	<object>
		<name>person</name>
		<pose>Left</pose>
		<truncated>0</truncated>
		<difficult>0</difficult>
		<bndbox>
			<xmin>213</xmin>
			<ymin>35</ymin>
			<xmax>302</xmax>
			<ymax>212</ymax>
		</bndbox>
	</object>
	<object>
		<name>horse</name>
		<pose>Left</pose>
		<truncated>0</truncated>
		<difficult>0</difficult>
		<bndbox>
			<xmin>125</xmin>
			<ymin>79</ymin>
			<xmax>500</xmax>
			<ymax>306</ymax>
		</bndbox>
	</object>
</annotation>
