<annotation>
	<folder>VOC2007</folder>
	<filename>000445.jpg</filename>
	<source>
		<database>The VOC2007 Database</database>
		<annotation>PASCAL VOC2007</annotation>
		<image>flickr</image>
		<flickrid>191495439</flickrid>
	</source>
	<owner>
		<flickrid>Rock and Racehorses</flickrid>
		<name>Alibhai's Alibar</name>
	</owner>
	<size>
		<width>500</width>
		<height>302</height>
		<depth>3</depth>
	</size>
	<segmented>0</segmented>
	<object>
		<name>horse</name>
		<pose>Right</pose>
		<truncated>0</truncated>
		<difficult>0</difficult>
		<bndbox>
			<xmin>266</xmin>
			<ymin>86</ymin>
			<xmax>475</xmax>
			<ymax>252</ymax>
		</bndbox>
	</object>
	<object>
		<name>horse</name>
		<pose>Right</pose>
		<truncated>0</truncated>
		<difficult>0</difficult>
		<bndbox>
			<xmin>135</xmin>
			<ymin>70</ymin>
			<xmax>318</xmax>
			<ymax>255</ymax>
		</bndbox>
	</object>
	<object>
		<name>horse</name>
		<pose>Right</pose>
		<truncated>1</truncated>
		<difficult>0</difficult>
		<bndbox>
			<xmin>1</xmin>
			<ymin>68</ymin>
			<xmax>173</xmax>
			<ymax>268</ymax>
		</bndbox>
	</object>
	<object>
		<name>person</name>
		<pose>Unspecified</pose>
		<truncated>0</truncated>
		<difficult>0</difficult>
		<bndbox>
			<xmin>38</xmin>
			<ymin>46</ymin>
			<xmax>128</xmax>
			<ymax>154</ymax>
		</bndbox>
	</object>
	<object>
		<name>person</name>
		<pose>Unspecified</pose>
		<truncated>1</truncated>
		<difficult>0</difficult>
		<bndbox>
			<xmin>125</xmin>
			<ymin>43</ymin>
			<xmax>188</xmax>
			<ymax>101</ymax>
		</bndbox>
	</object>
	<object>
		<name>person</name>
		<pose>Unspecified</pose>
		<truncated>0</truncated>
		<difficult>0</difficult>
		<bndbox>
			<xmin>192</xmin>
			<ymin>48</ymin>
			<xmax>263</xmax>
			<ymax>150</ymax>
		</bndbox>
	</object>
	<object>
		<name>person</name>
		<pose>Unspecified</pose>
		<truncated>0</truncated>
		<difficult>0</difficult>
		<bndbox>
			<xmin>334</xmin>
			<ymin>70</ymin>
			<xmax>414</xmax>
			<ymax>157</ymax>
		</bndbox>
	</object>
</annotation>
