<annotation>
	<folder>VOC2007</folder>
	<filename>000570.jpg</filename>
	<source>
		<database>The VOC2007 Database</database>
		<annotation>PASCAL VOC2007</annotation>
		<image>flickr</image>
		<flickrid>299021673</flickrid>
	</source>
	<owner>
		<flickrid>Steve HMCC</flickrid>
		<name>Steve Parker</name>
	</owner>
	<size>
		<width>500</width>
		<height>375</height>
		<depth>3</depth>
	</size>
	<segmented>0</segmented>
	<object>
		<name>motorbike</name>
		<pose>Left</pose>
		<truncated>0</truncated>
		<difficult>0</difficult>
		<bndbox>
			<xmin>141</xmin>
			<ymin>108</ymin>
			<xmax>470</xmax>
			<ymax>330</ymax>
		</bndbox>
	</object>
	<object>
		<name>person</name>
		<pose>Unspecified</pose>
		<truncated>0</truncated>
		<difficult>0</difficult>
		<bndbox>
			<xmin>259</xmin>
			<ymin>46</ymin>
			<xmax>406</xmax>
			<ymax>275</ymax>
		</bndbox>
	</object>
</annotation>
