<annotation>
	<folder>VOC2007</folder>
	<filename>000558.jpg</filename>
	<source>
		<database>The VOC2007 Database</database>
		<annotation>PASCAL VOC2007</annotation>
		<image>flickr</image>
		<flickrid>331385108</flickrid>
	</source>
	<owner>
		<flickrid>boomerzoomerkv</flickrid>
		<name>?</name>
	</owner>
	<size>
		<width>500</width>
		<height>257</height>
		<depth>3</depth>
	</size>
	<segmented>0</segmented>
	<object>
		<name>boat</name>
		<pose>Right</pose>
		<truncated>0</truncated>
		<difficult>0</difficult>
		<bndbox>
			<xmin>118</xmin>
			<ymin>135</ymin>
			<xmax>174</xmax>
			<ymax>211</ymax>
		</bndbox>
	</object>
	<object>
		<name>boat</name>
		<pose>Right</pose>
		<truncated>0</truncated>
		<difficult>0</difficult>
		<bndbox>
			<xmin>171</xmin>
			<ymin>114</ymin>
			<xmax>235</xmax>
			<ymax>209</ymax>
		</bndbox>
	</object>
</annotation>
