<annotation>
	<folder>VOC2007</folder>
	<filename>000561.jpg</filename>
	<source>
		<database>The VOC2007 Database</database>
		<annotation>PASCAL VOC2007</annotation>
		<image>flickr</image>
		<flickrid>114021352</flickrid>
	</source>
	<owner>
		<flickrid>Scruffy Dan</flickrid>
		<name>?</name>
	</owner>
	<size>
		<width>374</width>
		<height>500</height>
		<depth>3</depth>
	</size>
	<segmented>0</segmented>
	<object>
		<name>bird</name>
		<pose>Right</pose>
		<truncated>0</truncated>
		<difficult>0</difficult>
		<bndbox>
			<xmin>145</xmin>
			<ymin>167</ymin>
			<xmax>311</xmax>
			<ymax>491</ymax>
		</bndbox>
	</object>
	<object>
		<name>bird</name>
		<pose>Right</pose>
		<truncated>0</truncated>
		<difficult>0</difficult>
		<bndbox>
			<xmin>37</xmin>
			<ymin>27</ymin>
			<xmax>177</xmax>
			<ymax>412</ymax>
		</bndbox>
	</object>
</annotation>
