<annotation>
	<folder>VOC2007</folder>
	<filename>000511.jpg</filename>
	<source>
		<database>The VOC2007 Database</database>
		<annotation>PASCAL VOC2007</annotation>
		<image>flickr</image>
		<flickrid>329827462</flickrid>
	</source>
	<owner>
		<flickrid>hiromori2</flickrid>
		<name>Hiroyuki Mori</name>
	</owner>
	<size>
		<width>500</width>
		<height>335</height>
		<depth>3</depth>
	</size>
	<segmented>0</segmented>
	<object>
		<name>train</name>
		<pose>Unspecified</pose>
		<truncated>0</truncated>
		<difficult>0</difficult>
		<bndbox>
			<xmin>109</xmin>
			<ymin>143</ymin>
			<xmax>284</xmax>
			<ymax>225</ymax>
		</bndbox>
	</object>
</annotation>
