<annotation>
	<folder>VOC2007</folder>
	<filename>000573.jpg</filename>
	<source>
		<database>The VOC2007 Database</database>
		<annotation>PASCAL VOC2007</annotation>
		<image>flickr</image>
		<flickrid>334862512</flickrid>
	</source>
	<owner>
		<flickrid>MJGCB</flickrid>
		<name>?</name>
	</owner>
	<size>
		<width>500</width>
		<height>375</height>
		<depth>3</depth>
	</size>
	<segmented>0</segmented>
	<object>
		<name>chair</name>
		<pose>Unspecified</pose>
		<truncated>1</truncated>
		<difficult>1</difficult>
		<bndbox>
			<xmin>343</xmin>
			<ymin>133</ymin>
			<xmax>500</xmax>
			<ymax>243</ymax>
		</bndbox>
	</object>
	<object>
		<name>chair</name>
		<pose>Rear</pose>
		<truncated>1</truncated>
		<difficult>0</difficult>
		<bndbox>
			<xmin>5</xmin>
			<ymin>69</ymin>
			<xmax>137</xmax>
			<ymax>220</ymax>
		</bndbox>
	</object>
</annotation>
