<annotation>
	<folder>VOC2007</folder>
	<filename>000594.jpg</filename>
	<source>
		<database>The VOC2007 Database</database>
		<annotation>PASCAL VOC2007</annotation>
		<image>flickr</image>
		<flickrid>315912989</flickrid>
	</source>
	<owner>
		<flickrid>G N C</flickrid>
		<name>?</name>
	</owner>
	<size>
		<width>500</width>
		<height>321</height>
		<depth>3</depth>
	</size>
	<segmented>0</segmented>
	<object>
		<name>bicycle</name>
		<pose>Left</pose>
		<truncated>0</truncated>
		<difficult>0</difficult>
		<bndbox>
			<xmin>2</xmin>
			<ymin>124</ymin>
			<xmax>431</xmax>
			<ymax>321</ymax>
		</bndbox>
	</object>
	<object>
		<name>person</name>
		<pose>Unspecified</pose>
		<truncated>0</truncated>
		<difficult>0</difficult>
		<bndbox>
			<xmin>158</xmin>
			<ymin>64</ymin>
			<xmax>486</xmax>
			<ymax>317</ymax>
		</bndbox>
	</object>
</annotation>
