<annotation>
	<folder>VOC2007</folder>
	<filename>000616.jpg</filename>
	<source>
		<database>The VOC2007 Database</database>
		<annotation>PASCAL VOC2007</annotation>
		<image>flickr</image>
		<flickrid>335259316</flickrid>
	</source>
	<owner>
		<flickrid>Mieke Miwian</flickrid>
		<name>Mieke</name>
	</owner>
	<size>
		<width>500</width>
		<height>500</height>
		<depth>3</depth>
	</size>
	<segmented>0</segmented>
	<object>
		<name>person</name>
		<pose>Unspecified</pose>
		<truncated>0</truncated>
		<difficult>0</difficult>
		<bndbox>
			<xmin>354</xmin>
			<ymin>150</ymin>
			<xmax>458</xmax>
			<ymax>414</ymax>
		</bndbox>
	</object>
	<object>
		<name>horse</name>
		<pose>Unspecified</pose>
		<truncated>0</truncated>
		<difficult>0</difficult>
		<bndbox>
			<xmin>53</xmin>
			<ymin>99</ymin>
			<xmax>326</xmax>
			<ymax>408</ymax>
		</bndbox>
	</object>
</annotation>
