<annotation>
	<folder>VOC2007</folder>
	<filename>000644.jpg</filename>
	<source>
		<database>The VOC2007 Database</database>
		<annotation>PASCAL VOC2007</annotation>
		<image>flickr</image>
		<flickrid>307460171</flickrid>
	</source>
	<owner>
		<flickrid>iamglenn</flickrid>
		<name>Glenn Weatherson</name>
	</owner>
	<size>
		<width>500</width>
		<height>375</height>
		<depth>3</depth>
	</size>
	<segmented>0</segmented>
	<object>
		<name>tvmonitor</name>
		<pose>Unspecified</pose>
		<truncated>0</truncated>
		<difficult>1</difficult>
		<bndbox>
			<xmin>182</xmin>
			<ymin>78</ymin>
			<xmax>369</xmax>
			<ymax>246</ymax>
		</bndbox>
	</object>
	<object>
		<name>person</name>
		<pose>Frontal</pose>
		<truncated>1</truncated>
		<difficult>0</difficult>
		<bndbox>
			<xmin>219</xmin>
			<ymin>114</ymin>
			<xmax>328</xmax>
			<ymax>213</ymax>
		</bndbox>
	</object>
</annotation>
