<annotation>
	<folder>VOC2007</folder>
	<filename>000631.jpg</filename>
	<source>
		<database>The VOC2007 Database</database>
		<annotation>PASCAL VOC2007</annotation>
		<image>flickr</image>
		<flickrid>328589430</flickrid>
	</source>
	<owner>
		<flickrid>eduardo.peiro</flickrid>
		<name>Eduardo Peir?</name>
	</owner>
	<size>
		<width>500</width>
		<height>375</height>
		<depth>3</depth>
	</size>
	<segmented>0</segmented>
	<object>
		<name>boat</name>
		<pose>Right</pose>
		<truncated>0</truncated>
		<difficult>0</difficult>
		<bndbox>
			<xmin>198</xmin>
			<ymin>31</ymin>
			<xmax>420</xmax>
			<ymax>340</ymax>
		</bndbox>
	</object>
	<object>
		<name>boat</name>
		<pose>Right</pose>
		<truncated>0</truncated>
		<difficult>0</difficult>
		<bndbox>
			<xmin>68</xmin>
			<ymin>75</ymin>
			<xmax>259</xmax>
			<ymax>331</ymax>
		</bndbox>
	</object>
</annotation>
