<annotation>
	<folder>VOC2007</folder>
	<filename>000650.jpg</filename>
	<source>
		<database>The VOC2007 Database</database>
		<annotation>PASCAL VOC2007</annotation>
		<image>flickr</image>
		<flickrid>331020564</flickrid>
	</source>
	<owner>
		<flickrid>Jonnie Crappyweed</flickrid>
		<name>Jonnie Crappyweed</name>
	</owner>
	<size>
		<width>500</width>
		<height>375</height>
		<depth>3</depth>
	</size>
	<segmented>0</segmented>
	<object>
		<name>pottedplant</name>
		<pose>Unspecified</pose>
		<truncated>1</truncated>
		<difficult>0</difficult>
		<bndbox>
			<xmin>103</xmin>
			<ymin>2</ymin>
			<xmax>416</xmax>
			<ymax>375</ymax>
		</bndbox>
	</object>
	<object>
		<name>pottedplant</name>
		<pose>Unspecified</pose>
		<truncated>1</truncated>
		<difficult>0</difficult>
		<bndbox>
			<xmin>40</xmin>
			<ymin>32</ymin>
			<xmax>139</xmax>
			<ymax>254</ymax>
		</bndbox>
	</object>
</annotation>
