<annotation>
	<folder>VOC2007</folder>
	<filename>000629.jpg</filename>
	<source>
		<database>The VOC2007 Database</database>
		<annotation>PASCAL VOC2007</annotation>
		<image>flickr</image>
		<flickrid>309484878</flickrid>
	</source>
	<owner>
		<flickrid>tgveurofrance</flickrid>
		<name>?</name>
	</owner>
	<size>
		<width>500</width>
		<height>230</height>
		<depth>3</depth>
	</size>
	<segmented>1</segmented>
	<object>
		<name>train</name>
		<pose>Left</pose>
		<truncated>1</truncated>
		<difficult>0</difficult>
		<bndbox>
			<xmin>34</xmin>
			<ymin>84</ymin>
			<xmax>500</xmax>
			<ymax>184</ymax>
		</bndbox>
	</object>
	<object>
		<name>person</name>
		<pose>Frontal</pose>
		<truncated>1</truncated>
		<difficult>0</difficult>
		<bndbox>
			<xmin>87</xmin>
			<ymin>100</ymin>
			<xmax>107</xmax>
			<ymax>124</ymax>
		</bndbox>
	</object>
</annotation>
