<annotation>
	<folder>VOC2007</folder>
	<filename>000665.jpg</filename>
	<source>
		<database>The VOC2007 Database</database>
		<annotation>PASCAL VOC2007</annotation>
		<image>flickr</image>
		<flickrid>252102711</flickrid>
	</source>
	<owner>
		<flickrid>dalmond</flickrid>
		<name>Daley Mikalson</name>
	</owner>
	<size>
		<width>500</width>
		<height>437</height>
		<depth>3</depth>
	</size>
	<segmented>0</segmented>
	<object>
		<name>aeroplane</name>
		<pose>Unspecified</pose>
		<truncated>0</truncated>
		<difficult>0</difficult>
		<bndbox>
			<xmin>138</xmin>
			<ymin>176</ymin>
			<xmax>381</xmax>
			<ymax>261</ymax>
		</bndbox>
	</object>
</annotation>
