<annotation>
	<folder>VOC2007</folder>
	<filename>000614.jpg</filename>
	<source>
		<database>The VOC2007 Database</database>
		<annotation>PASCAL VOC2007</annotation>
		<image>flickr</image>
		<flickrid>339698127</flickrid>
	</source>
	<owner>
		<flickrid>PeteCresswell</flickrid>
		<name>?</name>
	</owner>
	<size>
		<width>500</width>
		<height>375</height>
		<depth>3</depth>
	</size>
	<segmented>0</segmented>
	<object>
		<name>bicycle</name>
		<pose>Right</pose>
		<truncated>0</truncated>
		<difficult>0</difficult>
		<bndbox>
			<xmin>136</xmin>
			<ymin>100</ymin>
			<xmax>457</xmax>
			<ymax>311</ymax>
		</bndbox>
	</object>
</annotation>
