<annotation>
	<folder>VOC2007</folder>
	<filename>000666.jpg</filename>
	<source>
		<database>The VOC2007 Database</database>
		<annotation>PASCAL VOC2007</annotation>
		<image>flickr</image>
		<flickrid>229523563</flickrid>
	</source>
	<owner>
		<flickrid>Speedymax</flickrid>
		<name>Simon</name>
	</owner>
	<size>
		<width>500</width>
		<height>333</height>
		<depth>3</depth>
	</size>
	<segmented>0</segmented>
	<object>
		<name>horse</name>
		<pose>Right</pose>
		<truncated>0</truncated>
		<difficult>0</difficult>
		<bndbox>
			<xmin>58</xmin>
			<ymin>114</ymin>
			<xmax>306</xmax>
			<ymax>315</ymax>
		</bndbox>
	</object>
	<object>
		<name>person</name>
		<pose>Unspecified</pose>
		<truncated>1</truncated>
		<difficult>1</difficult>
		<bndbox>
			<xmin>486</xmin>
			<ymin>151</ymin>
			<xmax>500</xmax>
			<ymax>238</ymax>
		</bndbox>
	</object>
	<object>
		<name>person</name>
		<pose>Unspecified</pose>
		<truncated>0</truncated>
		<difficult>0</difficult>
		<bndbox>
			<xmin>296</xmin>
			<ymin>176</ymin>
			<xmax>382</xmax>
			<ymax>322</ymax>
		</bndbox>
	</object>
	<object>
		<name>person</name>
		<pose>Left</pose>
		<truncated>0</truncated>
		<difficult>0</difficult>
		<bndbox>
			<xmin>33</xmin>
			<ymin>153</ymin>
			<xmax>88</xmax>
			<ymax>333</ymax>
		</bndbox>
	</object>
</annotation>
