<annotation>
	<folder>VOC2007</folder>
	<filename>000698.jpg</filename>
	<source>
		<database>The VOC2007 Database</database>
		<annotation>PASCAL VOC2007</annotation>
		<image>flickr</image>
		<flickrid>317345561</flickrid>
	</source>
	<owner>
		<flickrid>lunalunita</flickrid>
		<name>Marion Sauer</name>
	</owner>
	<size>
		<width>334</width>
		<height>500</height>
		<depth>3</depth>
	</size>
	<segmented>0</segmented>
	<object>
		<name>pottedplant</name>
		<pose>Unspecified</pose>
		<truncated>0</truncated>
		<difficult>0</difficult>
		<bndbox>
			<xmin>146</xmin>
			<ymin>69</ymin>
			<xmax>228</xmax>
			<ymax>369</ymax>
		</bndbox>
	</object>
	<object>
		<name>pottedplant</name>
		<pose>Unspecified</pose>
		<truncated>0</truncated>
		<difficult>0</difficult>
		<bndbox>
			<xmin>201</xmin>
			<ymin>196</ymin>
			<xmax>300</xmax>
			<ymax>358</ymax>
		</bndbox>
	</object>
	<object>
		<name>pottedplant</name>
		<pose>Unspecified</pose>
		<truncated>0</truncated>
		<difficult>0</difficult>
		<bndbox>
			<xmin>56</xmin>
			<ymin>355</ymin>
			<xmax>131</xmax>
			<ymax>436</ymax>
		</bndbox>
	</object>
</annotation>
