<annotation>
	<folder>VOC2007</folder>
	<filename>000718.jpg</filename>
	<source>
		<database>The VOC2007 Database</database>
		<annotation>PASCAL VOC2007</annotation>
		<image>flickr</image>
		<flickrid>339696486</flickrid>
	</source>
	<owner>
		<flickrid>ultratowvioleta</flickrid>
		<name>Omar G.</name>
	</owner>
	<size>
		<width>500</width>
		<height>375</height>
		<depth>3</depth>
	</size>
	<segmented>0</segmented>
	<object>
		<name>dog</name>
		<pose>Frontal</pose>
		<truncated>0</truncated>
		<difficult>0</difficult>
		<bndbox>
			<xmin>148</xmin>
			<ymin>25</ymin>
			<xmax>358</xmax>
			<ymax>374</ymax>
		</bndbox>
	</object>
	<object>
		<name>bicycle</name>
		<pose>Unspecified</pose>
		<truncated>1</truncated>
		<difficult>0</difficult>
		<bndbox>
			<xmin>2</xmin>
			<ymin>1</ymin>
			<xmax>223</xmax>
			<ymax>249</ymax>
		</bndbox>
	</object>
</annotation>
