<annotation>
	<folder>VOC2007</folder>
	<filename>000706.jpg</filename>
	<source>
		<database>The VOC2007 Database</database>
		<annotation>PASCAL VOC2007</annotation>
		<image>flickr</image>
		<flickrid>305321163</flickrid>
	</source>
	<owner>
		<flickrid>felice9992000</flickrid>
		<name>Felix Weiss</name>
	</owner>
	<size>
		<width>500</width>
		<height>347</height>
		<depth>3</depth>
	</size>
	<segmented>0</segmented>
	<object>
		<name>aeroplane</name>
		<pose>Right</pose>
		<truncated>0</truncated>
		<difficult>0</difficult>
		<bndbox>
			<xmin>224</xmin>
			<ymin>187</ymin>
			<xmax>287</xmax>
			<ymax>235</ymax>
		</bndbox>
	</object>
	<object>
		<name>aeroplane</name>
		<pose>Right</pose>
		<truncated>0</truncated>
		<difficult>0</difficult>
		<bndbox>
			<xmin>139</xmin>
			<ymin>244</ymin>
			<xmax>199</xmax>
			<ymax>285</ymax>
		</bndbox>
	</object>
	<object>
		<name>aeroplane</name>
		<pose>Right</pose>
		<truncated>0</truncated>
		<difficult>0</difficult>
		<bndbox>
			<xmin>48</xmin>
			<ymin>284</ymin>
			<xmax>111</xmax>
			<ymax>330</ymax>
		</bndbox>
	</object>
	<object>
		<name>aeroplane</name>
		<pose>Right</pose>
		<truncated>0</truncated>
		<difficult>0</difficult>
		<bndbox>
			<xmin>118</xmin>
			<ymin>161</ymin>
			<xmax>180</xmax>
			<ymax>213</ymax>
		</bndbox>
	</object>
	<object>
		<name>aeroplane</name>
		<pose>Right</pose>
		<truncated>0</truncated>
		<difficult>0</difficult>
		<bndbox>
			<xmin>9</xmin>
			<ymin>107</ymin>
			<xmax>73</xmax>
			<ymax>156</ymax>
		</bndbox>
	</object>
</annotation>
