<annotation>
	<folder>VOC2007</folder>
	<filename>000766.jpg</filename>
	<source>
		<database>The VOC2007 Database</database>
		<annotation>PASCAL VOC2007</annotation>
		<image>flickr</image>
		<flickrid>336174256</flickrid>
	</source>
	<owner>
		<flickrid>ApeMaya</flickrid>
		<name>Nisa Ferrari</name>
	</owner>
	<size>
		<width>500</width>
		<height>333</height>
		<depth>3</depth>
	</size>
	<segmented>0</segmented>
	<object>
		<name>person</name>
		<pose>Unspecified</pose>
		<truncated>1</truncated>
		<difficult>0</difficult>
		<bndbox>
			<xmin>111</xmin>
			<ymin>2</ymin>
			<xmax>483</xmax>
			<ymax>333</ymax>
		</bndbox>
	</object>
</annotation>
