<annotation>
	<folder>VOC2007</folder>
	<filename>000743.jpg</filename>
	<source>
		<database>The VOC2007 Database</database>
		<annotation>PASCAL VOC2007</annotation>
		<image>flickr</image>
		<flickrid>336809543</flickrid>
	</source>
	<owner>
		<flickrid>CruisAir</flickrid>
		<name>Guido</name>
	</owner>
	<size>
		<width>500</width>
		<height>375</height>
		<depth>3</depth>
	</size>
	<segmented>0</segmented>
	<object>
		<name>train</name>
		<pose>Frontal</pose>
		<truncated>0</truncated>
		<difficult>0</difficult>
		<bndbox>
			<xmin>89</xmin>
			<ymin>25</ymin>
			<xmax>465</xmax>
			<ymax>347</ymax>
		</bndbox>
	</object>
	<object>
		<name>car</name>
		<pose>Right</pose>
		<truncated>0</truncated>
		<difficult>0</difficult>
		<bndbox>
			<xmin>55</xmin>
			<ymin>307</ymin>
			<xmax>86</xmax>
			<ymax>322</ymax>
		</bndbox>
	</object>
</annotation>
