<annotation>
	<folder>VOC2007</folder>
	<filename>000841.jpg</filename>
	<source>
		<database>The VOC2007 Database</database>
		<annotation>PASCAL VOC2007</annotation>
		<image>flickr</image>
		<flickrid>328953010</flickrid>
	</source>
	<owner>
		<flickrid>pouyster</flickrid>
		<name>Pouy</name>
	</owner>
	<size>
		<width>500</width>
		<height>375</height>
		<depth>3</depth>
	</size>
	<segmented>0</segmented>
	<object>
		<name>sofa</name>
		<pose>Frontal</pose>
		<truncated>1</truncated>
		<difficult>0</difficult>
		<bndbox>
			<xmin>1</xmin>
			<ymin>156</ymin>
			<xmax>492</xmax>
			<ymax>343</ymax>
		</bndbox>
	</object>
</annotation>
