<annotation>
	<folder>VOC2007</folder>
	<filename>000875.jpg</filename>
	<source>
		<database>The VOC2007 Database</database>
		<annotation>PASCAL VOC2007</annotation>
		<image>flickr</image>
		<flickrid>324279333</flickrid>
	</source>
	<owner>
		<flickrid>realife42</flickrid>
		<name>Keith</name>
	</owner>
	<size>
		<width>500</width>
		<height>375</height>
		<depth>3</depth>
	</size>
	<segmented>0</segmented>
	<object>
		<name>sheep</name>
		<pose>Unspecified</pose>
		<truncated>0</truncated>
		<difficult>0</difficult>
		<bndbox>
			<xmin>278</xmin>
			<ymin>171</ymin>
			<xmax>304</xmax>
			<ymax>202</ymax>
		</bndbox>
	</object>
	<object>
		<name>sheep</name>
		<pose>Unspecified</pose>
		<truncated>0</truncated>
		<difficult>1</difficult>
		<bndbox>
			<xmin>314</xmin>
			<ymin>153</ymin>
			<xmax>328</xmax>
			<ymax>190</ymax>
		</bndbox>
	</object>
</annotation>
