<annotation>
	<folder>VOC2007</folder>
	<filename>000840.jpg</filename>
	<source>
		<database>The VOC2007 Database</database>
		<annotation>PASCAL VOC2007</annotation>
		<image>flickr</image>
		<flickrid>316904092</flickrid>
	</source>
	<owner>
		<flickrid>Lex</flickrid>
		<name>Alex</name>
	</owner>
	<size>
		<width>500</width>
		<height>375</height>
		<depth>3</depth>
	</size>
	<segmented>0</segmented>
	<object>
		<name>sofa</name>
		<pose>Frontal</pose>
		<truncated>1</truncated>
		<difficult>0</difficult>
		<bndbox>
			<xmin>1</xmin>
			<ymin>179</ymin>
			<xmax>288</xmax>
			<ymax>345</ymax>
		</bndbox>
	</object>
	<object>
		<name>pottedplant</name>
		<pose>Unspecified</pose>
		<truncated>0</truncated>
		<difficult>0</difficult>
		<bndbox>
			<xmin>334</xmin>
			<ymin>75</ymin>
			<xmax>385</xmax>
			<ymax>135</ymax>
		</bndbox>
	</object>
</annotation>
