<annotation>
	<folder>VOC2007</folder>
	<filename>000891.jpg</filename>
	<source>
		<database>The VOC2007 Database</database>
		<annotation>PASCAL VOC2007</annotation>
		<image>flickr</image>
		<flickrid>227530956</flickrid>
	</source>
	<owner>
		<flickrid>freakinrad!</flickrid>
		<name>Jeremiah Wassom</name>
	</owner>
	<size>
		<width>500</width>
		<height>333</height>
		<depth>3</depth>
	</size>
	<segmented>0</segmented>
	<object>
		<name>bicycle</name>
		<pose>Frontal</pose>
		<truncated>1</truncated>
		<difficult>0</difficult>
		<bndbox>
			<xmin>46</xmin>
			<ymin>193</ymin>
			<xmax>220</xmax>
			<ymax>333</ymax>
		</bndbox>
	</object>
	<object>
		<name>person</name>
		<pose>Frontal</pose>
		<truncated>1</truncated>
		<difficult>0</difficult>
		<bndbox>
			<xmin>57</xmin>
			<ymin>13</ymin>
			<xmax>271</xmax>
			<ymax>333</ymax>
		</bndbox>
	</object>
</annotation>
