<annotation>
	<folder>VOC2007</folder>
	<filename>000869.jpg</filename>
	<source>
		<database>The VOC2007 Database</database>
		<annotation>PASCAL VOC2007</annotation>
		<image>flickr</image>
		<flickrid>339137433</flickrid>
	</source>
	<owner>
		<flickrid>Dru!</flickrid>
		<name>Drew Brayshaw</name>
	</owner>
	<size>
		<width>335</width>
		<height>500</height>
		<depth>3</depth>
	</size>
	<segmented>0</segmented>
	<object>
		<name>person</name>
		<pose>Frontal</pose>
		<truncated>0</truncated>
		<difficult>0</difficult>
		<bndbox>
			<xmin>144</xmin>
			<ymin>192</ymin>
			<xmax>167</xmax>
			<ymax>243</ymax>
		</bndbox>
	</object>
</annotation>
