<annotation>
	<folder>VOC2007</folder>
	<filename>000890.jpg</filename>
	<source>
		<database>The VOC2007 Database</database>
		<annotation>PASCAL VOC2007</annotation>
		<image>flickr</image>
		<flickrid>305558077</flickrid>
	</source>
	<owner>
		<flickrid>AndreasC</flickrid>
		<name>Andreas Caranti</name>
	</owner>
	<size>
		<width>500</width>
		<height>324</height>
		<depth>3</depth>
	</size>
	<segmented>0</segmented>
	<object>
		<name>pottedplant</name>
		<pose>Unspecified</pose>
		<truncated>0</truncated>
		<difficult>0</difficult>
		<bndbox>
			<xmin>398</xmin>
			<ymin>148</ymin>
			<xmax>462</xmax>
			<ymax>310</ymax>
		</bndbox>
	</object>
	<object>
		<name>pottedplant</name>
		<pose>Unspecified</pose>
		<truncated>0</truncated>
		<difficult>0</difficult>
		<bndbox>
			<xmin>361</xmin>
			<ymin>253</ymin>
			<xmax>411</xmax>
			<ymax>307</ymax>
		</bndbox>
	</object>
	<object>
		<name>pottedplant</name>
		<pose>Unspecified</pose>
		<truncated>0</truncated>
		<difficult>0</difficult>
		<bndbox>
			<xmin>325</xmin>
			<ymin>189</ymin>
			<xmax>394</xmax>
			<ymax>309</ymax>
		</bndbox>
	</object>
</annotation>
