<annotation>
	<folder>VOC2007</folder>
	<filename>000835.jpg</filename>
	<source>
		<database>The VOC2007 Database</database>
		<annotation>PASCAL VOC2007</annotation>
		<image>flickr</image>
		<flickrid>328141620</flickrid>
	</source>
	<owner>
		<flickrid>hiromori2</flickrid>
		<name>Hiroyuki Mori</name>
	</owner>
	<size>
		<width>500</width>
		<height>335</height>
		<depth>3</depth>
	</size>
	<segmented>0</segmented>
	<object>
		<name>train</name>
		<pose>Frontal</pose>
		<truncated>1</truncated>
		<difficult>0</difficult>
		<bndbox>
			<xmin>207</xmin>
			<ymin>118</ymin>
			<xmax>305</xmax>
			<ymax>235</ymax>
		</bndbox>
	</object>
	<object>
		<name>train</name>
		<pose>Frontal</pose>
		<truncated>0</truncated>
		<difficult>0</difficult>
		<bndbox>
			<xmin>302</xmin>
			<ymin>91</ymin>
			<xmax>412</xmax>
			<ymax>246</ymax>
		</bndbox>
	</object>
</annotation>
