<annotation>
	<folder>VOC2007</folder>
	<filename>000925.jpg</filename>
	<source>
		<database>The VOC2007 Database</database>
		<annotation>PASCAL VOC2007</annotation>
		<image>flickr</image>
		<flickrid>337571108</flickrid>
	</source>
	<owner>
		<flickrid>mjutabor</flickrid>
		<name>?</name>
	</owner>
	<size>
		<width>500</width>
		<height>353</height>
		<depth>3</depth>
	</size>
	<segmented>1</segmented>
	<object>
		<name>sheep</name>
		<pose>Frontal</pose>
		<truncated>0</truncated>
		<difficult>0</difficult>
		<bndbox>
			<xmin>29</xmin>
			<ymin>101</ymin>
			<xmax>216</xmax>
			<ymax>343</ymax>
		</bndbox>
	</object>
	<object>
		<name>sheep</name>
		<pose>Frontal</pose>
		<truncated>0</truncated>
		<difficult>0</difficult>
		<bndbox>
			<xmin>309</xmin>
			<ymin>105</ymin>
			<xmax>460</xmax>
			<ymax>333</ymax>
		</bndbox>
	</object>
</annotation>
