<annotation>
	<folder>VOC2007</folder>
	<filename>000986.jpg</filename>
	<source>
		<database>The VOC2007 Database</database>
		<annotation>PASCAL VOC2007</annotation>
		<image>flickr</image>
		<flickrid>329940181</flickrid>
	</source>
	<owner>
		<flickrid>Lothar Lenz</flickrid>
		<name>Lothar Lenz</name>
	</owner>
	<size>
		<width>500</width>
		<height>322</height>
		<depth>3</depth>
	</size>
	<segmented>0</segmented>
	<object>
		<name>cow</name>
		<pose>Unspecified</pose>
		<truncated>0</truncated>
		<difficult>0</difficult>
		<bndbox>
			<xmin>258</xmin>
			<ymin>150</ymin>
			<xmax>390</xmax>
			<ymax>294</ymax>
		</bndbox>
	</object>
	<object>
		<name>cow</name>
		<pose>Unspecified</pose>
		<truncated>1</truncated>
		<difficult>0</difficult>
		<bndbox>
			<xmin>109</xmin>
			<ymin>151</ymin>
			<xmax>172</xmax>
			<ymax>212</ymax>
		</bndbox>
	</object>
	<object>
		<name>cow</name>
		<pose>Left</pose>
		<truncated>0</truncated>
		<difficult>0</difficult>
		<bndbox>
			<xmin>51</xmin>
			<ymin>138</ymin>
			<xmax>169</xmax>
			<ymax>215</ymax>
		</bndbox>
	</object>
	<object>
		<name>cow</name>
		<pose>Left</pose>
		<truncated>0</truncated>
		<difficult>0</difficult>
		<bndbox>
			<xmin>304</xmin>
			<ymin>146</ymin>
			<xmax>422</xmax>
			<ymax>230</ymax>
		</bndbox>
	</object>
	<object>
		<name>horse</name>
		<pose>Unspecified</pose>
		<truncated>0</truncated>
		<difficult>0</difficult>
		<bndbox>
			<xmin>141</xmin>
			<ymin>116</ymin>
			<xmax>300</xmax>
			<ymax>261</ymax>
		</bndbox>
	</object>
	<object>
		<name>person</name>
		<pose>Unspecified</pose>
		<truncated>0</truncated>
		<difficult>0</difficult>
		<bndbox>
			<xmin>160</xmin>
			<ymin>62</ymin>
			<xmax>283</xmax>
			<ymax>236</ymax>
		</bndbox>
	</object>
	<object>
		<name>person</name>
		<pose>Unspecified</pose>
		<truncated>1</truncated>
		<difficult>0</difficult>
		<bndbox>
			<xmin>322</xmin>
			<ymin>68</ymin>
			<xmax>354</xmax>
			<ymax>99</ymax>
		</bndbox>
	</object>
	<object>
		<name>person</name>
		<pose>Unspecified</pose>
		<truncated>1</truncated>
		<difficult>1</difficult>
		<bndbox>
			<xmin>365</xmin>
			<ymin>93</ymin>
			<xmax>386</xmax>
			<ymax>134</ymax>
		</bndbox>
	</object>
</annotation>
