<annotation>
	<folder>VOC2007</folder>
	<filename>000952.jpg</filename>
	<source>
		<database>The VOC2007 Database</database>
		<annotation>PASCAL VOC2007</annotation>
		<image>flickr</image>
		<flickrid>335149992</flickrid>
	</source>
	<owner>
		<flickrid>goldenticketstudios</flickrid>
		<name>Golden Ticket</name>
	</owner>
	<size>
		<width>500</width>
		<height>332</height>
		<depth>3</depth>
	</size>
	<segmented>0</segmented>
	<object>
		<name>person</name>
		<pose>Unspecified</pose>
		<truncated>1</truncated>
		<difficult>0</difficult>
		<bndbox>
			<xmin>15</xmin>
			<ymin>95</ymin>
			<xmax>246</xmax>
			<ymax>332</ymax>
		</bndbox>
	</object>
	<object>
		<name>person</name>
		<pose>Unspecified</pose>
		<truncated>1</truncated>
		<difficult>0</difficult>
		<bndbox>
			<xmin>196</xmin>
			<ymin>103</ymin>
			<xmax>412</xmax>
			<ymax>332</ymax>
		</bndbox>
	</object>
	<object>
		<name>person</name>
		<pose>Unspecified</pose>
		<truncated>1</truncated>
		<difficult>0</difficult>
		<bndbox>
			<xmin>465</xmin>
			<ymin>189</ymin>
			<xmax>492</xmax>
			<ymax>236</ymax>
		</bndbox>
	</object>
	<object>
		<name>person</name>
		<pose>Unspecified</pose>
		<truncated>1</truncated>
		<difficult>1</difficult>
		<bndbox>
			<xmin>479</xmin>
			<ymin>119</ymin>
			<xmax>493</xmax>
			<ymax>145</ymax>
		</bndbox>
	</object>
</annotation>
