<annotation>
	<folder>VOC2007</folder>
	<filename>000909.jpg</filename>
	<source>
		<database>The VOC2007 Database</database>
		<annotation>PASCAL VOC2007</annotation>
		<image>flickr</image>
		<flickrid>339358596</flickrid>
	</source>
	<owner>
		<flickrid>thedoxiefarm</flickrid>
		<name>Christy</name>
	</owner>
	<size>
		<width>375</width>
		<height>500</height>
		<depth>3</depth>
	</size>
	<segmented>0</segmented>
	<object>
		<name>person</name>
		<pose>Unspecified</pose>
		<truncated>1</truncated>
		<difficult>0</difficult>
		<bndbox>
			<xmin>127</xmin>
			<ymin>182</ymin>
			<xmax>253</xmax>
			<ymax>500</ymax>
		</bndbox>
	</object>
</annotation>
